{
    "rmse": 0.6811484788217883,
    "mae": 0.5284470445622479,
    "r2": 0.2764070919262138
}